2.8391,2.8392,2.8395,2.8399,2.8405,2.8413,2.8423,2.8435,2.8448,2.8463,2.848,2.8498,2.8519,2.854,2.8564,2.8589,2.8616,2.8644,2.8673,2.8704,2.8737,2.8771,2.8806,2.8843,2.8881,2.892,2.8961,2.9002,2.9045,2.9088,2.9133,2.9179,2.9225,2.9273,2.9321,2.937,2.9419,2.9469,2.952,2.9571,2.9623,2.9675,2.9727,2.9779,2.9832,2.9885,2.9937,2.999,3.0043,3.0095,3.0148,3.02,3.0252,3.0303,3.0354,3.0404,3.0454,3.0503,3.0551,3.0599,3.0646,3.0691,3.0736,3.078,3.0823,3.0865,3.0905,3.0944,3.0982,3.1019,3.1054,3.1088,3.1121,3.1151,3.1181,3.1209,3.1235,3.1259,3.1282,3.1303,3.1323,3.134,3.1356,3.137,3.1382,3.1392,3.1401,3.1407,3.1412,3.1415,3.1416
2.0185,2.0188,2.0197,2.0213,2.0234,2.0262,2.0296,2.0335,2.0381,2.0433,2.0491,2.0555,2.0624,2.0699,2.078,2.0867,2.0959,2.1057,2.116,2.1269,2.1383,2.1501,2.1625,2.1754,2.1887,2.2025,2.2168,2.2315,2.2466,2.2621,2.278,2.2943,2.311,2.328,2.3453,2.3629,2.3808,2.399,2.4174,2.436,2.4549,2.4739,2.4931,2.5124,2.5319,2.5514,2.571,2.5907,2.6104,2.63,2.6497,2.6693,2.6889,2.7082,2.7275,2.7466,2.7656,2.7843,2.8028,2.8211,2.8391,2.8568,2.8741,2.8911,2.9077,2.924,2.9397,2.9551,2.9699,2.9843,2.9982,3.0115,3.0243,3.0365,3.0481,3.0591,3.0694,3.0791,3.0882,3.0966,3.1043,3.1113,3.1176,3.1232,3.1281,3.1322,3.1356,3.1382,3.1401,3.1412,3.1416
0.91283,0.91336,0.91493,0.91755,0.92122,0.92594,0.9317,0.93851,0.94635,0.95524,0.96516,0.97612,0.98811,1.0011,1.0152,1.0302,1.0463,1.0634,1.0814,1.1005,1.1205,1.1416,1.1635,1.1865,1.2103,1.2351,1.2609,1.2875,1.3149,1.3433,1.3725,1.4025,1.4333,1.4649,1.4972,1.5303,1.5641,1.5985,1.6336,1.6692,1.7055,1.7422,1.7795,1.8172,1.8553,1.8938,1.9326,1.9717,2.011,2.0505,2.0902,2.1299,2.1696,2.2093,2.249,2.2885,2.3277,2.3668,2.4055,2.4438,2.4817,2.5191,2.556,2.5922,2.6278,2.6626,2.6966,2.7298,2.762,2.7933,2.8235,2.8527,2.8807,2.9075,2.9331,2.9574,2.9804,3.002,3.0221,3.0408,3.058,3.0737,3.0878,3.1003,3.1112,3.1204,3.128,3.134,3.1382,3.1407,3.1416
-0.17266,-0.17207,-0.17029,-0.16732,-0.16315,-0.15779,-0.15123,-0.14346,-0.13449,-0.12429,-0.11287,-0.10021,-0.086302,-0.071144,-0.054722,-0.037025,-0.018043,0.0022342,0.023818,0.046717,0.070943,0.096505,0.12341,0.15167,0.18129,0.21227,0.24463,0.27835,0.31345,0.34993,0.38778,0.42699,0.46756,0.50948,0.55274,0.59731,0.64319,0.69035,0.73876,0.7884,0.83923,0.89122,0.94431,0.99848,1.0537,1.1098,1.1669,1.2248,1.2835,1.3429,1.4029,1.4635,1.5245,1.586,1.6477,1.7096,1.7716,1.8336,1.8955,1.9572,2.0185,2.0794,2.1397,2.1993,2.2582,2.3161,2.3729,2.4286,2.483,2.536,2.5875,2.6374,2.6855,2.7316,2.7758,2.818,2.8579,2.8955,2.9308,2.9636,2.9938,3.0214,3.0462,3.0683,3.0876,3.104,3.1175,3.128,3.1356,3.1401,3.1416
-0.9558,-0.95538,-0.95409,-0.95194,-0.94893,-0.94503,-0.94023,-0.93453,-0.92789,-0.9203,-0.91172,-0.90222,-0.89152,-0.87983,-0.86702,-0.85307,-0.83793,-0.82157,-0.80393,-0.78497,-0.76466,-0.74293,-0.71974,-0.69505,-0.6688,-0.64095,-0.61145,-0.58025,-0.54731,-0.51258,-0.47603,-0.50121,-0.39727,-0.355,-0.31078,-0.26453,-0.21629,-0.16601,-0.11368,-0.059311,-0.0028924,0.055565,0.11605,0.17853,0.24298,0.30937,0.37764,0.44774,0.5196,0.59315,0.66831,0.74497,0.82305,0.90242,0.98296,1.0645,1.147,1.2303,1.3141,1.3983,1.4828,1.5674,1.6518,1.7359,1.8195,1.9024,1.9843,2.065,2.1444,2.2222,2.2982,2.3722,2.4439,2.5131,2.5797,2.6434,2.704,2.7614,2.8153,2.8656,2.9122,2.9547,2.9932,3.0275,3.0575,3.083,3.104,3.1204,3.1322,3.1392,3.1416
-1.2629,-1.2628,-1.2627,-1.2625,-1.2621,-1.2616,-1.261,-1.2602,-1.2591,-1.2578,-1.2563,-1.2543,-1.252,-1.2492,-1.246,-1.2421,-1.2376,-1.2323,-1.2263,-1.2193,-1.2114,-1.2024,-1.1922,-1.1808,-1.168,-1.1537,-1.1378,-1.1203,-1.101,-1.0797,-1.0565,-1.0311,-1.0035,-0.97354,-0.94116,-0.90624,-0.86868,-0.8284,-0.7853,-0.73931,-0.69037,-0.6384,-0.58335,-0.52519,-0.46389,-0.39941,-0.33179,-0.26097,-0.18704,-0.11001,-0.029937,0.053099,0.13901,0.22769,0.319,0.41281,0.50895,0.60723,0.70745,0.8094,0.91283,1.0175,1.1231,1.2294,1.3361,1.4428,1.5492,1.6551,1.76,1.8635,1.9654,2.0653,2.1628,2.2575,2.3491,2.4372,2.5215,2.6016,2.6773,2.7482,2.8139,2.8743,2.9291,2.978,3.0208,3.0574,3.0875,3.1111,3.128,3.1382,3.1416
-1.0764,-1.0768,-1.0781,-1.0802,-1.0831,-1.0869,-1.0914,-1.0967,-1.1027,-1.1094,-1.1167,-1.1246,-1.133,-1.1419,-1.1511,-1.1607,-1.1704,-1.1803,-1.1903,-1.2001,-1.2097,-1.219,-1.2279,-1.2362,-1.2438,-1.2504,-1.2561,-1.2605,-1.2636,-1.2652,-1.265,-1.2629,-1.2587,-1.2522,-1.2433,-1.2316,-1.2171,-1.1995,-1.1787,-1.1544,-1.1265,-1.0948,-1.0592,-1.0194,-0.97537,-0.92696,-0.87404,-0.81654,-0.75436,-0.68748,-0.61584,-0.53945,-0.45834,-0.37255,-0.28216,-0.18728,-0.088063,0.015325,0.12267,0.23374,0.34826,0.46591,0.58637,0.70925,0.83417,0.96068,1.0883,1.2167,1.3451,1.4732,1.6004,1.7262,1.8499,1.9711,2.0891,2.2034,2.3134,2.4186,2.5184,2.6123,2.6999,2.7806,2.8541,2.92,2.9778,3.0272,3.0681,3.1001,3.1231,3.137,3.1416
-0.53049,-0.53129,-0.53367,-0.53764,-0.54318,-0.55029,-0.55895,-0.56915,-0.58087,-0.59408,-0.60875,-0.62484,-0.64233,-0.66117,-0.6813,-0.70266,-0.72519,-0.74882,-0.77347,-0.79904,-0.82542,-0.85252,-0.88021,-0.90834,-0.93678,-0.96537,-0.99394,-1.0223,-1.0502,-1.0776,-1.1041,-1.1295,-1.1536,-1.1761,-1.1967,-1.2152,-1.2312,-1.2446,-1.2549,-1.2618,-1.2651,-1.2644,-1.2594,-1.2498,-1.2354,-1.2157,-1.1906,-1.1598,-1.123,-1.08,-1.0307,-0.97493,-0.91247,-0.84329,-0.76734,-0.68462,-0.59516,-0.49907,-0.39648,-0.2876,-0.17266,-0.051988,0.07407,0.20509,0.34061,0.48011,0.623,0.76867,0.91645,1.0656,1.2155,1.3652,1.514,1.661,1.8054,1.9465,2.0832,2.2149,2.3406,2.4596,2.5711,2.6744,2.7688,2.8537,2.9285,2.9927,3.0458,3.0875,3.1175,3.1356,3.1416
0.14192,0.14103,0.13836,0.1339,0.12765,0.1196,0.10974,0.098066,0.084557,0.069206,0.051999,0.032926,0.011977,-0.010855,-0.035574,-0.062179,-0.090668,-0.12103,-0.15324,-0.18728,-0.2231,-0.26066,-0.2999,-0.34074,-0.38308,-0.42684,-0.47187,-0.51804,-0.56518,-0.61311,-0.66162,-0.71048,-0.75944,-0.80822,-0.85652,-0.90401,-0.95035,-0.99516,-1.0381,-1.0786,-1.1164,-1.151,-1.1819,-1.2087,-1.2309,-1.248,-1.2595,-1.2649,-1.2639,-1.2558,-1.2404,-1.2173,-1.186,-1.1463,-1.0978,-1.0404,-0.97393,-0.89833,-0.81337,-0.71932,-0.61622,-0.5043,-0.38384,-0.25523,-0.11893,0.0245,0.17441,0.33008,0.49071,0.65539,0.82319,0.99309,1.164,1.3348,1.5044,1.6715,1.835,1.9936,2.1462,2.2916,2.4287,2.5564,2.6736,2.7795,2.8731,2.9537,3.0206,3.0732,3.1111,3.1339,3.1416
0.69202,0.69138,0.68946,0.68625,0.68172,0.67584,0.66859,0.65991,0.64975,0.63806,0.62477,0.60982,0.59312,0.57461,0.5542,0.53181,0.50735,0.48075,0.45193,0.42081,0.38733,0.35141,0.31302,0.27211,0.22865,0.18264,0.13408,0.083008,0.029475,-0.026439,-0.084622,-0.14494,-0.20722,-0.27125,-0.33678,-0.40354,-0.47119,-0.53938,-0.6077,-0.6757,-0.74289,-0.80875,-0.87271,-0.93418,-0.99252,-1.0471,-1.0972,-1.1421,-1.1811,-1.2136,-1.2387,-1.2559,-1.2645,-1.2637,-1.253,-1.2319,-1.1999,-1.1566,-1.1016,-1.0347,-0.9558,-0.86488,-0.76201,-0.64744,-0.5215,-0.38468,-0.2376,-0.081014,0.084208,0.25705,0.43639,0.62098,0.80947,1.0004,1.1924,1.3837,1.5727,1.7579,1.9376,2.1102,2.2739,2.4274,2.5691,2.6977,2.8118,2.9104,2.9925,3.0572,3.1039,3.1322,3.1416
0.93771,0.93761,0.93729,0.93674,0.93592,0.93479,0.93329,0.93137,0.92892,0.92587,0.9221,0.9175,0.91195,0.90529,0.8974,0.8881,0.87723,0.86462,0.85009,0.83346,0.81453,0.79312,0.76905,0.74213,0.71218,0.67904,0.64255,0.60257,0.55898,0.51169,0.46063,0.40576,0.34709,0.28464,0.21852,0.14885,0.075819,-0.00032679,-0.079281,-0.16069,-0.2441,-0.32903,-0.4149,-0.50109,-0.5869,-0.67156,-0.75425,-0.83411,-0.91021,-0.98107,-1.0472,-1.1062,-1.1574,-1.1998,-1.2324,-1.2543,-1.2646,-1.2624,-1.247,-1.2176,-1.1738,-1.1152,-1.0414,-0.95237,-0.8482,-0.72913,-0.59561,-0.44827,-0.28794,-0.11566,0.067347,0.25968,0.45976,0.66586,0.87611,1.0885,1.301,1.5114,1.7175,1.9171,2.1082,2.2884,2.4559,2.6086,2.7448,2.863,2.9617,3.0397,3.0961,3.1302,3.1416
0.8192,0.81972,0.82128,0.82386,0.82744,0.83195,0.83736,0.84358,0.85055,0.85814,0.86627,0.87479,0.88357,0.89244,0.90124,0.90977,0.91782,0.92517,0.93159,0.93681,0.94057,0.94258,0.94255,0.94017,0.93513,0.9271,0.91577,0.90081,0.8819,0.85875,0.83106,0.79855,0.76102,0.71822,0.66999,0.61623,0.55685,0.49187,0.42135,0.34543,0.26435,0.17843,0.08807,-0.0062044,-0.10378,-0.20394,-0.30585,-0.4086,-0.51115,-0.61239,-0.71112,-0.80605,-0.89586,-0.97915,-1.0545,-1.1205,-1.1758,-1.2189,-1.2486,-1.2636,-1.2629,-1.2454,-1.2103,-1.1571,-1.0853,-0.99467,-0.88541,-0.75781,-0.61249,-0.45033,-0.27253,-0.080519,0.12397,0.33898,0.56231,0.79155,1.0242,1.2574,1.4885,1.7146,1.9328,2.1404,2.3345,2.5126,2.6724,2.8115,2.9281,3.0205,3.0874,3.128,3.1416
0.40962,0.41062,0.41361,0.41857,0.4255,0.43437,0.44514,0.45779,0.47225,0.48846,0.50636,0.52587,0.54686,0.56924,0.59287,0.61759,0.64323,0.66958,0.69643,0.72354,0.75062,0.77738,0.80349,0.8286,0.85232,0.87425,0.89396,0.91099,0.92487,0.93512,0.94125,0.94275,0.93913,0.9299,0.91461,0.89281,0.86411,0.82816,0.78468,0.73347,0.67439,0.60742,0.53265,0.45028,0.36066,0.26426,0.16172,0.0538,-0.058543,-0.17423,-0.29201,-0.41049,-0.52815,-0.64333,-0.75427,-0.85916,-0.95608,-1.0431,-1.1184,-1.18,-1.2261,-1.255,-1.2653,-1.2556,-1.2247,-1.172,-1.0968,-0.99892,-0.8786,-0.73636,-0.57314,-0.39025,-0.1894,0.027318,0.25748,0.49832,0.74682,0.99969,1.2535,1.5046,1.7494,1.9843,2.2057,2.4102,2.5946,2.756,2.8917,2.9997,3.0781,3.1257,3.1416
-0.12032,-0.11921,-0.11587,-0.11029,-0.10248,-0.092407,-0.080069,-0.065448,-0.048529,-0.0293,-0.0077505,0.016117,0.042307,0.070803,0.10157,0.13456,0.16973,0.20697,0.24617,0.28721,0.3299,0.37404,0.41938,0.46563,0.51246,0.5595,0.60632,0.65246,0.69739,0.74056,0.78133,0.8191,0.85317,0.88283,0.90736,0.92601,0.93807,0.9428,0.93951,0.92757,0.90639,0.87546,0.8344,0.78292,0.72089,0.64832,0.56541,0.47255,0.37033,0.25956,0.14129,0.016772,-0.1125,-0.24483,-0.37831,-0.51082,-0.64013,-0.76383,-0.87946,-0.98448,-1.0764,-1.1526,-1.2109,-1.249,-1.2649,-1.257,-1.2238,-1.1644,-1.0783,-0.96537,-0.82606,-0.66133,-0.47268,-0.26212,-0.03217,0.21417,0.47345,0.74188,1.0153,1.2894,1.5596,1.8214,2.0703,2.3018,2.5119,2.6966,2.8528,2.9773,3.068,3.1231,3.1416
-0.56929,-0.5685,-0.56609,-0.56207,-0.55638,-0.54898,-0.5398,-0.52877,-0.51579,-0.50077,-0.48361,-0.46418,-0.44237,-0.41808,-0.39117,-0.36155,-0.3291,-0.29375,-0.25542,-0.21408,-0.16967,-0.12225,-0.071857,-0.018588,0.037401,0.095917,0.15668,0.21936,0.28355,0.34877,0.41446,0.47999,0.54465,0.60765,0.66813,0.72518,0.7778,0.82499,0.8657,0.89886,0.92344,0.93839,0.94278,0.93571,0.91641,0.88427,0.83884,0.77985,0.7073,0.62142,0.52273,0.41205,0.29051,0.15956,0.020985,-0.12314,-0.27044,-0.41826,-0.56372,-0.70377,-0.83522,-0.95479,-1.0592,-1.1454,-1.2102,-1.251,-1.2653,-1.2511,-1.2068,-1.1315,-1.0248,-0.88707,-0.71925,-0.52306,-0.3009,-0.055835,0.20841,0.48757,0.77687,1.0711,1.365,1.6527,1.9289,2.1878,2.4243,2.6336,2.8112,2.9534,3.0572,3.1204,3.1416
-0.77877,-0.77863,-0.77818,-0.77739,-0.77622,-0.77457,-0.77236,-0.76946,-0.76573,-0.76102,-0.75513,-0.74788,-0.73904,-0.72838,-0.71566,-0.70061,-0.68299,-0.66252,-0.63893,-0.61197,-0.58138,-0.54693,-0.50843,-0.46569,-0.41859,-0.36704,-0.31104,-0.25062,-0.18591,-0.11714,-0.044624,0.031218,0.10986,0.19064,0.27278,0.3554,0.43748,0.51788,0.59537,0.66863,0.73626,0.79679,0.84876,0.89069,0.92115,0.93878,0.94235,0.9308,0.90326,0.85948,0.7981,0.72024,0.62594,0.51603,0.39176,0.25483,0.10737,-0.048036,-0.20843,-0.37047,-0.53049,-0.68462,-0.82878,-0.95886,-1.0708,-1.1606,-1.2246,-1.2595,-1.2626,-1.2316,-1.1651,-1.0624,-0.92374,-0.75012,-0.54356,-0.30699,-0.04417,0.24027,0.541,0.85211,1.1672,1.4795,1.7823,2.0688,2.3324,2.567,2.7671,2.9279,3.0457,3.1175,3.1416
-0.68701,-0.68762,-0.68942,-0.69239,-0.69648,-0.70161,-0.70767,-0.71456,-0.72213,-0.7302,-0.73858,-0.74705,-0.75535,-0.76322,-0.77034,-0.77639,-0.78101,-0.78381,-0.78438,-0.78232,-0.77717,-0.76849,-0.75583,-0.73874,-0.71679,-0.68956,-0.6567,-0.61787,-0.57281,-0.52134,-0.46336,-0.39891,-0.32811,-0.25125,-0.16877,-0.081271,0.010477,0.10553,0.20273,0.30076,0.39814,0.49321,0.58418,0.66916,0.74616,0.81317,0.86821,0.90932,0.93473,0.94281,0.93222,0.90193,0.8513,0.78015,0.6888,0.57812,0.44955,0.30514,0.14752,-0.020068,-0.19388,-0.36969,-0.54285,-0.70846,-0.86143,-0.99665,-1.1091,-1.1941,-1.2474,-1.2653,-1.2449,-1.1842,-1.0822,-0.93891,-0.75573,-0.53504,-0.28045,0.0033121,0.3105,0.63448,0.96793,1.303,1.6315,1.9452,2.2362,2.4969,2.7205,2.9009,3.0334,3.1144,3.1416
-0.34551,-0.34667,-0.35016,-0.35595,-0.36402,-0.37432,-0.38681,-0.4014,-0.41802,-0.43654,-0.45685,-0.47877,-0.50212,-0.52668,-0.5522,-0.57838,-0.60489,-0.63136,-0.65736,-0.68244,-0.70608,-0.72773,-0.7468,-0.76267,-0.77469,-0.78217,-0.78444,-0.78082,-0.77063,-0.75325,-0.72811,-0.6947,-0.65264,-0.60164,-0.54159,-0.47252,-0.39468,-0.30853,-0.2148,-0.11438,-0.0085488,0.10123,0.2132,0.32539,0.43557,0.54133,0.64012,0.72931,0.80621,0.86824,0.91291,0.93798,0.94153,0.92207,0.87861,0.81075,0.71879,0.60373,0.46738,0.31232,0.14192,-0.039687,-0.22771,-0.41675,-0.60098,-0.77424,-0.93028,-1.0629,-1.1663,-1.235,-1.2645,-1.251,-1.192,-1.0862,-0.9338,-0.73633,-0.49693,-0.22016,0.088032,0.42045,0.76888,1.1243,1.4771,1.8176,2.1362,2.4236,2.6714,2.8724,3.0204,3.1111,3.1416
0.10596,0.10466,0.10077,0.094265,0.085143,0.073386,0.058974,0.041891,0.022123,-0.00033551,-0.025482,-0.053296,-0.083739,-0.11675,-0.15222,-0.19004,-0.23001,-0.27192,-0.31548,-0.36036,-0.40616,-0.45238,-0.4985,-0.54387,-0.58781,-0.62953,-0.66821,-0.70294,-0.73278,-0.75675,-0.77385,-0.78309,-0.78351,-0.77422,-0.75443,-0.72345,-0.68079,-0.62616,-0.5595,-0.48105,-0.39135,-0.2913,-0.18213,-0.065488,0.056637,0.18189,0.30756,0.43067,0.54799,0.65614,0.75168,0.8312,0.89147,0.92953,0.94284,0.92943,0.88799,0.81804,0.71998,0.59518,0.44605,0.27602,0.089535,-0.10804,-0.31051,-0.51104,-0.7023,-0.87677,-1.027,-1.1457,-1.2264,-1.2634,-1.2523,-1.19,-1.075,-0.90784,-0.69055,-0.42727,-0.12386,0.21212,0.57169,0.94469,1.3201,1.6866,2.0326,2.3472,2.6201,2.8424,3.0067,3.1076,3.1416
0.49482,0.49389,0.49109,0.48638,0.47971,0.47101,0.46016,0.44707,0.4316,0.41362,0.39296,0.36949,0.34304,0.31349,0.28069,0.24454,0.20496,0.16193,0.11542,0.065535,0.012399,-0.043769,-0.10267,-0.16388,-0.2269,-0.29109,-0.35572,-0.41991,-0.48267,-0.5429,-0.5994,-0.65087,-0.69595,-0.73323,-0.76132,-0.77882,-0.78445,-0.77703,-0.75558,-0.71933,-0.66785,-0.60103,-0.51919,-0.42307,-0.31393,-0.19353,-0.064136,0.071457,0.20999,0.34779,0.48084,0.60489,0.71559,0.80861,0.87987,0.92564,0.94278,0.9289,0.88254,0.80331,0.69202,0.55077,0.38297,0.19334,-0.012138,-0.22643,-0.44156,-0.64893,-0.83958,-1.0046,-1.1353,-1.2238,-1.2636,-1.2494,-1.1777,-1.0472,-0.85872,-0.61545,-0.32284,0.011513,0.378,0.76542,1.1614,1.5526,1.9258,2.2678,2.5665,2.811,2.9923,3.1039,3.1416
0.68028,0.6801,0.67954,0.67856,0.67707,0.67496,0.67208,0.66825,0.66325,0.65685,0.64879,0.63878,0.62649,0.61161,0.59378,0.57267,0.54794,0.51923,0.48626,0.44874,0.40643,0.35919,0.3069,0.24959,0.18737,0.12048,0.049315,-0.025579,-0.10349,-0.18349,-0.26452,-0.34529,-0.42436,-0.50012,-0.57082,-0.63458,-0.68949,-0.73359,-0.765,-0.78192,-0.78277,-0.76623,-0.73133,-0.67755,-0.6049,-0.51395,-0.40596,-0.28283,-0.1472,-0.0023632,0.14772,0.29853,0.44509,0.58211,0.70419,0.80598,0.88249,0.92924,0.94258,0.91991,0.86024,0.76262,0.62979,0.46477,0.27257,0.059782,-0.16556,-0.39424,-0.61618,-0.82083,-0.99762,-1.1364,-1.2281,-1.2649,-1.241,-1.1528,-0.99936,-0.78247,-0.50672,-0.17947,0.18937,0.5877,1.0017,1.4163,1.8161,2.1857,2.5106,2.7781,2.9772,3.1001,3.1416
0.60326,0.60393,0.60595,0.60926,0.61379,0.61941,0.62599,0.63335,0.64126,0.64947,0.65769,0.66558,0.67276,0.67882,0.6833,0.68572,0.68555,0.68223,0.6752,0.66388,0.64769,0.62608,0.5985,0.56451,0.52369,0.47576,0.42054,0.35803,0.28839,0.21199,0.12961,0.041574,-0.050468,-0.1453,-0.24126,-0.33642,-0.42861,-0.51547,-0.59449,-0.66306,-0.71858,-0.75855,-0.78064,-0.78286,-0.76365,-0.72198,-0.65752,-0.57067,-0.46272,-0.33583,-0.19312,-0.038579,0.12292,0.2858,0.44391,0.59074,0.71967,0.82428,0.89868,0.93779,0.93771,0.89601,0.81199,0.68688,0.52395,0.32858,0.10811,-0.12829,-0.36997,-0.60517,-0.82155,-1.0068,-1.1491,-1.2381,-1.265,-1.2238,-1.1109,-0.92647,-0.67361,-0.35905,0.0073223,0.4127,0.84195,1.2782,1.7038,2.101,2.4527,2.7438,2.9615,3.096,3.1416
0.30432,0.30563,0.30955,0.31606,0.32512,0.33666,0.3506,0.36683,0.3852,0.40556,0.42768,0.45133,0.47619,0.50191,0.52808,0.55423,0.57982,0.60427,0.62689,0.64699,0.66376,0.6764,0.68405,0.68584,0.6809,0.66841,0.64755,0.61768,0.57824,0.52883,0.4693,0.39973,0.32049,0.2323,0.13623,0.033734,-0.07334,-0.18276,-0.29193,-0.39792,-0.49756,-0.5875,-0.66432,-0.72466,-0.76537,-0.78367,-0.77733,-0.7448,-0.6854,-0.59946,-0.48841,-0.35488,-0.20269,-0.03682,0.13667,0.31083,0.47809,0.63052,0.7602,0.85967,0.92231,0.9428,0.91749,0.84482,0.72554,0.5629,0.36274,0.13335,-0.11476,-0.36921,-0.61635,-0.84183,-1.0314,-1.1717,-1.251,-1.26,-1.1925,-1.046,-0.82186,-0.5256,-0.16672,0.24159,0.68303,1.139,1.5894,2.0139,2.3927,2.7081,2.945,3.0918,3.1416
-0.095676,-0.094216,-0.089833,-0.082516,-0.072249,-0.059009,-0.042778,-0.023537,-0.0012802,0.023987,0.052233,0.083401,0.11739,0.15406,0.19321,0.23456,0.27777,0.32241,0.36796,0.41378,0.45915,0.50323,0.54507,0.58363,0.61779,0.64635,0.66806,0.68168,0.68597,0.67976,0.66201,0.63186,0.58867,0.53213,0.46228,0.37963,0.28496,0.1799,0.06639,-0.053026,-0.17528,-0.29683,-0.41373,-0.52176,-0.61655,-0.69379,-0.74937,-0.77968,-0.78175,-0.75356,-0.69421,-0.60411,-0.48512,-0.34062,-0.17554,0.0037485,0.18962,0.37342,0.54588,0.69752,0.8192,0.90262,0.94092,0.92921,0.865,0.74863,0.58347,0.37602,0.13578,-0.12506,-0.39213,-0.64955,-0.88077,-1.0695,-1.2009,-1.2621,-1.2437,-1.14,-0.95009,-0.67768,-0.33142,0.075474,0.52577,0.99911,1.4731,1.9246,2.3308,2.6711,2.9278,3.0874,3.1416
-0.44354,-0.44249,-0.43934,-0.43403,-0.42648,-0.4166,-0.40425,-0.38928,-0.37151,-0.35077,-0.32687,-0.29962,-0.26887,-0.23441,-0.1962,-0.15414,-0.10824,-0.058584,-0.0053473,0.05118,0.11058,0.17228,0.23558,0.29959,0.36325,0.42533,0.48449,0.53916,0.58771,0.62841,0.6595,0.67924,0.68599,0.67828,0.65488,0.61494,0.55804,0.4843,0.39446,0.28993,0.17287,0.046157,-0.086586,-0.22109,-0.3525,-0.47559,-0.5849,-0.675,-0.74077,-0.77769,-0.78217,-0.75182,-0.68577,-0.58486,-0.45181,-0.29126,-0.10977,0.084395,0.28156,0.47105,0.64173,0.78266,0.88377,0.93657,0.93488,0.87536,0.75806,0.5867,0.36876,0.11531,-0.15939,-0.43858,-0.70386,-0.93632,-1.1177,-1.2315,-1.2647,-1.2079,-1.0572,-0.81401,-0.48552,-0.084571,0.37099,0.85922,1.3554,1.8333,2.2671,2.6328,2.91,3.0828,3.1416
-0.61164,-0.61143,-0.61078,-0.60962,-0.60785,-0.60529,-0.60175,-0.59698,-0.59069,-0.58257,-0.57225,-0.55935,-0.54346,-0.52415,-0.50101,-0.47361,-0.44156,-0.40451,-0.36219,-0.3144,-0.26106,-0.20216,-0.13796,-0.068865,0.0045313,0.081382,0.16059,0.24082,0.32045,0.39763,0.4703,0.53621,0.593,0.63825,0.6696,0.68484,0.68204,0.65967,0.61676,0.55299,0.46884,0.3657,0.2459,0.11277,-0.029398,-0.17541,-0.31935,-0.45474,-0.57488,-0.67312,-0.74326,-0.77998,-0.77919,-0.73851,-0.6575,-0.53801,-0.38427,-0.20289,-0.0027174,0.20551,0.40962,0.59674,0.754,0.86943,0.93291,0.93695,0.87751,0.75461,0.57266,0.34055,0.07141,-0.21795,-0.50796,-0.77741,-1.0049,-1.1703,-1.2562,-1.2496,-1.1425,-0.93354,-0.62792,-0.23754,0.2195,0.71988,1.2365,1.7401,2.2015,2.5932,2.8914,3.0781,3.1416
-0.54415,-0.54489,-0.5471,-0.55071,-0.55561,-0.56165,-0.56863,-0.5763,-0.58435,-0.59244,-0.60015,-0.60702,-0.61254,-0.61614,-0.61718,-0.61503,-0.60898,-0.59834,-0.58239,-0.56046,-0.53189,-0.49614,-0.45275,-0.40143,-0.34207,-0.27479,-0.20001,-0.11841,-0.031043,0.060671,0.15494,0.24962,0.34218,0.42981,0.50948,0.57798,0.63212,0.66883,0.68531,0.67929,0.64911,0.59399,0.51417,0.41106,0.2873,0.14687,-0.0050643,-0.16212,-0.31701,-0.46185,-0.58847,-0.68896,-0.75609,-0.78396,-0.76843,-0.70762,-0.60234,-0.45624,-0.27596,-0.070942,0.14694,0.36393,0.56521,0.73589,0.86201,0.93177,0.93653,0.87178,0.73788,0.54041,0.29027,0.0032654,-0.30071,-0.59884,-0.86691,-1.0811,-1.2197,-1.2652,-1.2054,-1.0354,-0.75762,-0.38248,0.072087,0.58166,1.1169,1.6454,2.1343,2.5523,2.8723,3.0731,3.1416
-0.27503,-0.27647,-0.28078,-0.28794,-0.29787,-0.3105,-0.3257,-0.34333,-0.36318,-0.38501,-0.40851,-0.43332,-0.45899,-0.48501,-0.51078,-0.53561,-0.55874,-0.5793,-0.59638,-0.60898,-0.61606,-0.61655,-0.60943,-0.59368,-0.56841,-0.53287,-0.48651,-0.42907,-0.36061,-0.28158,-0.19289,-0.095949,0.0073197,0.11445,0.22248,0.32796,0.42705,0.51572,0.58976,0.6451,0.67799,0.68527,0.6646,0.61476,0.53583,0.42941,0.29872,0.14867,-0.014306,-0.18229,-0.34633,-0.49684,-0.62412,-0.719,-0.77357,-0.78179,-0.74021,-0.64843,-0.50951,-0.33011,-0.12032,0.10668,0.33535,0.54879,0.72989,0.86264,0.93366,0.93336,0.85713,0.70621,0.48807,0.2163,-0.089906,-0.40697,-0.70846,-0.96708,-1.1569,-1.2554,-1.2459,-1.119,-0.87375,-0.51853,-0.070507,0.44512,0.99689,1.5493,2.0655,2.5102,2.8524,3.068,3.1416
0.08787,0.086265,0.081444,0.073393,0.062092,0.047516,0.029644,0.0084624,-0.016027,-0.04379,-0.074756,-0.10881,-0.14577,-0.18538,-0.22728,-0.27101,-0.316,-0.36154,-0.40679,-0.45076,-0.49232,-0.53021,-0.56307,-0.58943,-0.60779,-0.61663,-0.61451,-0.60011,-0.57232,-0.53034,-0.47377,-0.4027,-0.31778,-0.22035,-0.11243,0.003215,0.12309,0.24305,0.35838,0.46395,0.55448,0.62475,0.66995,0.68599,0.66991,0.62012,0.53681,0.42211,0.28023,0.11747,-0.057936,-0.23614,-0.40615,-0.55651,-0.67603,-0.75466,-0.78437,-0.75998,-0.67987,-0.5465,-0.36662,-0.15119,0.085097,0.32468,0.54832,0.73654,0.87131,0.93777,0.92576,0.83117,0.65686,0.413,0.11681,-0.20838,-0.53474,-0.83201,-1.07,-1.2214,-1.2641,-1.1838,-0.9756,-0.64488,-0.20757,0.31081,0.87689,1.452,1.9952,2.4669,2.8319,3.0627,3.1416
0.40547,0.40431,0.40084,0.39498,0.38664,0.37568,0.36193,0.3452,0.32527,0.30192,0.27494,0.24411,0.20927,0.17029,0.12712,0.079783,0.028432,-0.026651,-0.085013,-0.14603,-0.20888,-0.27251,-0.33566,-0.39682,-0.45431,-0.50623,-0.55057,-0.58522,-0.60808,-0.61714,-0.61059,-0.58696,-0.54523,-0.48502,-0.40666,-0.31134,-0.20118,-0.07929,0.050216,0.18234,0.31129,0.43073,0.5341,0.61489,0.66716,0.68599,0.66788,0.61125,0.51679,0.38771,0.22985,0.051562,-0.13656,-0.32222,-0.49217,-0.63313,-0.73282,-0.78111,-0.77104,-0.69978,-0.56929,-0.38664,-0.1639,0.082378,0.33227,0.56394,0.75543,0.88674,0.94186,0.91062,0.7902,0.5861,0.31221,-0.0096299,-0.35118,-0.67994,-0.96188,-1.1646,-1.2605,-1.2298,-1.0626,-0.76083,-0.33843,0.17926,0.75724,1.3537,1.9236,2.4225,2.8108,3.0572,3.1416
0.5603,0.56006,0.55933,0.55801,0.55596,0.55296,0.54877,0.54305,0.53544,0.52554,0.51287,0.49698,0.47734,0.45345,0.42484,0.39104,0.35167,0.30645,0.25519,0.19792,0.13482,0.066352,-0.006783,-0.083551,-0.16261,-0.24228,-0.32054,-0.39505,-0.46324,-0.52232,-0.56942,-0.6017,-0.61652,-0.61157,-0.58514,-0.53622,-0.46476,-0.37183,-0.2597,-0.13197,0.006491,0.14958,0.29022,0.42061,0.53271,0.61867,0.67146,0.68545,0.65705,0.5852,0.47182,0.322,0.14405,-0.050833,-0.24906,-0.43556,-0.59488,-0.71244,-0.77591,-0.77658,-0.7105,-0.57934,-0.39081,-0.15853,0.098674,0.35811,0.59508,0.78508,0.90635,0.94225,0.88344,0.72948,0.48966,0.18292,-0.16331,-0.5152,-0.83545,-1.0868,-1.2359,-1.2568,-1.1343,-0.86575,-0.46244,0.050995,0.6383,1.2546,1.8506,2.3769,2.789,3.0515,3.1416
0.49958,0.50038,0.50277,0.50665,0.51188,0.51827,0.52555,0.53342,0.54143,0.54916,0.55608,0.56156,0.56495,0.56551,0.56245,0.55495,0.54218,0.52331,0.49755,0.4642,0.42269,0.37263,0.31386,0.24652,0.17111,0.088542,0.00015469,-0.092213,-0.18624,-0.27914,-0.36768,-0.44832,-0.5173,-0.5708,-0.60519,-0.61721,-0.60432,-0.56485,-0.49839,-0.40593,-0.29008,-0.15513,-0.0070673,0.14663,0.29724,0.43526,0.55102,0.63531,0.68023,0.67993,0.63138,0.53494,0.39478,0.21901,0.019394,-0.18919,-0.38979,-0.56463,-0.69674,-0.77159,-0.77877,-0.71342,-0.57728,-0.37918,-0.13483,0.13412,0.40177,0.64031,0.82278,0.92605,0.9337,0.83837,0.64337,0.3633,0.023405,-0.34232,-0.69407,-0.99016,-1.1914,-1.2653,-1.1904,-0.95911,-0.57904,-0.073494,0.52043,1.155,1.7765,2.3303,2.7666,3.0456,3.1416
0.25283,0.25439,0.25906,0.2668,0.27753,0.29113,0.30747,0.32631,0.3474,0.3704,0.3949,0.42039,0.44628,0.47184,0.49627,0.51864,0.53792,0.55299,0.56264,0.56565,0.56077,0.5468,0.52267,0.48747,0.44057,0.38167,0.31093,0.22903,0.13724,0.037505,-0.067566,-0.17467,-0.27989,-0.37878,-0.46654,-0.53824,-0.58909,-0.61479,-0.61186,-0.57804,-0.51262,-0.41676,-0.29371,-0.14888,0.01023,0.17428,0.33255,0.47358,0.58603,0.65958,0.68599,0.66003,0.58036,0.45007,0.27701,0.073532,-0.1441,-0.3569,-0.54465,-0.68788,-0.76988,-0.7787,-0.70891,-0.56286,-0.35114,-0.092237,0.18872,0.46218,0.6971,0.86432,0.94013,0.90948,0.76854,0.52609,0.20369,-0.16586,-0.54129,-0.87704,-1.1282,-1.2556,-1.2309,-1.0405,-0.6877,-0.19373,0.40398,1.0551,1.7013,2.2826,2.7436,3.0396,3.1416
-0.081695,-0.079956,-0.074733,-0.066009,-0.053759,-0.037956,-0.018579,0.0043781,0.030893,0.060899,0.094275,0.13082,0.17024,0.21212,0.25591,0.30092,0.34628,0.39094,0.43369,0.47311,0.50768,0.53568,0.55539,0.56501,0.56286,0.54738,0.51731,0.4718,0.41052,0.33381,0.24281,0.13952,0.026876,-0.091256,-0.21012,-0.32424,-0.42758,-0.51391,-0.57717,-0.61191,-0.61376,-0.57997,-0.50986,-0.40514,-0.27026,-0.11225,0.059179,0.23232,0.39409,0.53098,0.63023,0.68105,0.6759,0.61159,0.49013,0.31911,0.11159,-0.11459,-0.33816,-0.53632,-0.68701,-0.77139,-0.77629,-0.69625,-0.53491,-0.30547,-0.030051,0.26206,0.5373,0.76143,0.90375,0.94111,0.86151,0.66658,0.37258,0.0096439,-0.38077,-0.75007,-1.0479,-1.2284,-1.2558,-1.1095,-0.78794,-0.30927,0.28928,0.95498,1.6251,2.2339,2.72,3.0334,3.1416
-0.37576,-0.37452,-0.37075,-0.36439,-0.3553,-0.34333,-0.32825,-0.30985,-0.28785,-0.26201,-0.23209,-0.19787,-0.1592,-0.11601,-0.068353,-0.016415,0.039434,0.09862,0.16033,0.22347,0.28669,0.34837,0.40658,0.45917,0.5038,0.53802,0.55938,0.56555,0.5545,0.52465,0.47507,0.40568,0.31741,0.21233,0.093792,-0.033636,-0.16417,-0.29107,-0.40687,-0.50384,-0.57451,-0.61231,-0.61215,-0.57113,-0.48908,-0.36899,-0.21721,-0.043352,0.14007,0.31844,0.47614,0.59787,0.67023,0.68327,0.63194,0.51715,0.34643,0.13379,-0.10106,-0.33429,-0.54026,-0.69429,-0.77562,-0.77031,-0.67361,-0.49141,-0.24055,0.052255,0.35293,0.62365,0.82745,0.93314,0.91988,0.78089,0.52559,0.17981,-0.21625,-0.61203,-0.95244,-1.1847,-1.2652,-1.166,-0.87933,-0.41965,0.17669,0.85496,1.5481,2.1843,2.6957,3.027,3.1416
-0.52003,-0.51977,-0.51896,-0.51749,-0.51517,-0.51174,-0.50741,-0.5002,-0.49124,-0.47949,-0.4644,-0.4454,-0.42191,-0.39335,-0.3592,-0.31903,-0.27252,-0.21952,-0.16012,-0.094644,-0.023761,0.0515,0.12972,0.20903,0.28717,0.3615,0.42899,0.48642,0.53044,0.55778,0.56548,0.55109,0.51298,0.45057,0.36462,0.25737,0.13274,-0.0037484,-0.145,-0.2827,-0.40766,-0.5105,-0.58234,-0.61561,-0.60492,-0.54786,-0.44564,-0.30353,-0.13085,0.059285,0.25084,0.42605,0.56706,0.65774,0.68572,0.64411,0.53292,0.35987,0.14033,-0.10373,-0.34551,-0.55633,-0.70891,-0.7809,-0.75833,-0.63816,-0.42972,-0.15472,0.15457,0.45869,0.71577,0.88704,0.94253,0.86607,0.65879,0.3405,-0.051441,-0.46584,-0.84362,-1.1254,-1.2595,-1.2098,-0.96153,-0.5245,0.066511,0.75524,1.4703,2.1337,2.6709,3.0204,3.1416
-0.46442,-0.46528,-0.46782,-0.47195,-0.47748,-0.48416,-0.49167,-0.4996,-0.50744,-0.51463,-0.52049,-0.52426,-0.52512,-0.52215,-0.51442,-0.50096,-0.48082,-0.45311,-0.41705,-0.37205,-0.31778,-0.25422,-0.18177,-0.10132,-0.01429,0.077286,0.17078,0.26297,0.35009,0.428,0.4923,0.53862,0.5629,0.5617,0.53262,0.47463,0.38841,0.27661,0.14403,-0.0024428,-0.15401,-0.30037,-0.43038,-0.53289,-0.59775,-0.6169,-0.58541,-0.50244,-0.37187,-0.20257,-0.0080886,0.1941,0.38405,0.54125,0.64683,0.68596,0.65008,0.5386,0.35988,0.13114,-0.12273,-0.37163,-0.58362,-0.72896,-0.78435,-0.73675,-0.58617,-0.34688,-0.04677,0.27542,0.57467,0.80571,0.92961,0.92017,0.7689,0.48793,0.11001,-0.3145,-0.72361,-1.0518,-1.2392,-1.2409,-1.0342,-0.62345,-0.04093,0.65602,1.3918,2.0822,2.6455,3.0136,3.1416
-0.23525,-0.23693,-0.24193,-0.25021,-0.26168,-0.27617,-0.29351,-0.31341,-0.33555,-0.35947,-0.38464,-0.41039,-0.43594,-0.46037,-0.48262,-0.50149,-0.51565,-0.52384,-0.5245,-0.51626,-0.49779,-0.46792,-0.42578,-0.37087,-0.3032,-0.22341,-0.13287,-0.033747,0.070936,0.17732,0.28076,0.37602,0.45749,0.5195,0.55674,0.56474,0.54034,0.4822,0.39123,0.2709,0.12741,-0.030429,-0.19154,-0.34328,-0.47233,-0.56591,-0.61314,-0.60639,-0.54255,-0.42395,-0.25883,-0.061229,0.14993,0.35241,0.5229,0.63973,0.68573,0.65093,0.53457,0.34631,0.10596,-0.15809,-0.41193,-0.62026,-0.75132,-0.78176,-0.70088,-0.51339,-0.24019,0.083313,0.41125,0.6934,0.88257,0.94227,0.85337,0.61872,0.26466,-0.161,-0.59463,-0.96524,-1.2049,-1.2593,-1.0972,-0.71616,-0.14533,0.5575,1.3128,2.0298,2.6195,3.0067,3.1416
0.076656,0.074792,0.069196,0.059846,0.046713,0.029767,0.0089933,-0.015602,-0.043975,-0.076017,-0.11153,-0.1502,-0.1916,-0.23513,-0.27999,-0.3252,-0.36955,-0.4116,-0.44973,-0.4821,-0.50675,-0.52166,-0.52481,-0.51434,-0.48868,-0.44671,-0.38802,-0.31258,-0.22196,-0.1184,-0.0053419,0.11255,0.2296,0.33926,0.43446,0.50809,0.55346,0.56508,0.53925,0.47464,0.37294,0.23913,0.081558,-0.088303,-0.25653,-0.40778,-0.52667,-0.59941,-0.61552,-0.56947,-0.46195,-0.3006,-0.099983,0.11932,0.33259,0.51357,0.63777,0.68582,0.64677,0.5204,0.31847,0.064266,-0.20958,-0.46491,-0.66325,-0.77151,-0.76767,-0.64519,-0.41551,-0.10796,0.2334,0.55547,0.80401,0.93249,0.91044,0.73,0.40927,-0.0083249,-0.45899,-0.86727,-1.1573,-1.2653,-1.1502,-0.80232,-0.2464,0.45989,1.2333,1.9767,2.5929,2.9996,3.1416
0.35176,0.35042,0.34638,0.33954,0.32976,0.31682,0.30048,0.28047,0.25649,0.22825,0.1955,0.15805,0.11579,0.068743,0.017113,-0.038684,-0.09799,-0.15984,-0.22294,-0.28568,-0.34607,-0.40182,-0.45038,-0.48898,-0.5148,-0.52514,-0.51755,-0.49013,-0.44172,-0.37219,-0.28267,-0.1757,-0.055367,0.072705,0.20149,0.32286,0.42806,0.50832,0.55564,0.56369,0.52858,0.44975,0.33051,0.17831,0.004668,-0.17548,-0.34489,-0.48558,-0.58079,-0.61712,-0.58653,-0.4881,-0.32898,-0.12451,0.10281,0.32546,0.51407,0.64131,0.68599,0.63675,0.49482,0.27515,0.0055287,-0.2764,-0.52803,-0.70812,-0.78353,-0.73544,-0.56377,-0.289,0.049446,0.39815,0.69761,0.89198,0.93917,0.81944,0.5409,0.14065,-0.31907,-0.75948,-1.0974,-1.259,-1.1933,-0.88165,-0.34387,0.36339,1.1536,1.9228,2.5658,2.9923,3.1416
